Unnamed: 0,Close,Date,High,Low,Market Cap,Open,Volume
0,0.631997,"May 24, 2018",0.640258,0.589272,23482900000,0.599207,440533000
1,0.599594,"May 23, 2018",0.649121,0.586997,25419900000,0.648634,482481000
2,0.645567,"May 22, 2018",0.682933,0.644588,26733500000,0.682151,234713000
3,0.681587,"May 21, 2018",0.703051,0.676203,27450300000,0.700441,250481000
4,0.700244,"May 20, 2018",0.704614,0.673348,26541700000,0.677258,275614000
5,0.676713,"May 19, 2018",0.69045,0.665896,26678900000,0.680759,249039000
6,0.680294,"May 18, 2018",0.685625,0.65339,26077000000,0.6654,344944000
7,0.66731,"May 17, 2018",0.714618,0.661213,27957600000,0.713388,337999000
8,0.714081,"May 16, 2018",0.714081,0.669438,27273100000,0.69592,429642000
9,0.698588,"May 15, 2018",0.752269,0.692667,28958900000,0.738938,422980000
10,0.740898,"May 14, 2018",0.756983,0.707693,29184800000,0.744701,613462000
11,0.745748,"May 13, 2018",0.758977,0.680971,27357900000,0.698085,532488000
12,0.696735,"May 12, 2018",0.714918,0.639771,26875400000,0.685772,596685000
13,0.684948,"May 11, 2018",0.761326,0.656026,29641400000,0.756578,991409000
14,0.758237,"May 10, 2018",0.808914,0.757342,31468500000,0.803212,399324000
15,0.802043,"May 09, 2018",0.819969,0.7703,31867300000,0.813393,611575000
16,0.81397,"May 08, 2018",0.846992,0.803568,32638900000,0.833086,465041000
17,0.832641,"May 07, 2018",0.871236,0.812933,34132600000,0.871214,602535000
18,0.871424,"May 06, 2018",0.918675,0.855972,35426400000,0.904235,640057000
19,0.905103,"May 05, 2018",0.922354,0.895562,35086600000,0.895562,668800000
20,0.895442,"May 04, 2018",0.927695,0.866922,34537000000,0.881536,1007610000
21,0.884466,"May 03, 2018",0.892916,0.847319,33632400000,0.85898,725229000
22,0.859094,"May 02, 2018",0.86428,0.831713,32864000000,0.839355,544426000
23,0.841407,"May 01, 2018",0.842069,0.797826,32818400000,0.838355,630809000
24,0.837938,"Apr 30, 2018",0.876788,0.831208,34112200000,0.871404,575364000
25,0.872778,"Apr 29, 2018",0.904945,0.83448,33837900000,0.864399,896314000
26,0.863804,"Apr 28, 2018",0.887591,0.812063,31789200000,0.812063,788719000
27,0.813885,"Apr 27, 2018",0.859641,0.813885,33318900000,0.851139,673793000
28,0.852414,"Apr 26, 2018",0.852414,0.771787,31386400000,0.801774,1028590000
29,0.800607,"Apr 25, 2018",0.932771,0.779231,36514500000,0.932771,1614050000
30,0.934781,"Apr 24, 2018",0.96561,0.873566,34292500000,0.876012,1572930000
31,0.876657,"Apr 23, 2018",0.88629,0.863304,33903000000,0.866578,674545000
32,0.869995,"Apr 22, 2018",0.911901,0.848091,33912400000,0.86682,946399000
33,0.873103,"Apr 21, 2018",0.925021,0.821113,36189400000,0.925021,1563970000
34,0.924465,"Apr 20, 2018",0.938354,0.791172,30952900000,0.791172,2344070000
35,0.791976,"Apr 19, 2018",0.791976,0.706841,27857700000,0.712059,878328000
36,0.708932,"Apr 18, 2018",0.721426,0.657052,25705700000,0.657052,624049000
37,0.656933,"Apr 17, 2018",0.677356,0.654346,26012300000,0.66489,442353000
38,0.663297,"Apr 16, 2018",0.687165,0.63861,26693300000,0.682296,531996000
39,0.682534,"Apr 15, 2018",0.682534,0.634143,24838400000,0.634883,609637000
40,0.632184,"Apr 14, 2018",0.661508,0.616307,24936100000,0.63738,626268000
41,0.638087,"Apr 13, 2018",0.693112,0.605816,24651000000,0.630093,1245170000
42,0.628737,"Apr 12, 2018",0.644518,0.506543,21058600000,0.538657,1346740000
43,0.539506,"Apr 11, 2018",0.548455,0.489026,19256700000,0.492568,341707000
44,0.491931,"Apr 10, 2018",0.493645,0.482839,19239800000,0.492134,154495000
45,0.491855,"Apr 09, 2018",0.512142,0.482573,19594200000,0.501201,271775000
46,0.500398,"Apr 08, 2018",0.501418,0.487591,19087000000,0.488227,137548000
47,0.487867,"Apr 07, 2018",0.495667,0.474575,18642300000,0.476851,209076000
48,0.476431,"Apr 06, 2018",0.49809,0.465615,19343200000,0.494781,218156000
49,0.495801,"Apr 05, 2018",0.505882,0.48449,19623500000,0.50195,358755000
50,0.501631,"Apr 04, 2018",0.563117,0.498487,21680600000,0.554569,415258000
51,0.558044,"Apr 03, 2018",0.562698,0.499658,19607200000,0.501533,578239000
52,0.500688,"Apr 02, 2018",0.510446,0.478596,19002500000,0.486067,262342000
53,0.485081,"Apr 01, 2018",0.515437,0.466223,20088900000,0.513854,297869000
54,0.512353,"Mar 31, 2018",0.529406,0.505167,19962300000,0.510617,293208000
55,0.509565,"Mar 30, 2018",0.531276,0.484362,20065800000,0.513268,518219000
56,0.511511,"Mar 29, 2018",0.57864,0.511511,22587400000,0.577767,420550000
57,0.578002,"Mar 28, 2018",0.594023,0.572828,22577300000,0.577511,258298000
58,0.577917,"Mar 27, 2018",0.604332,0.565132,23418400000,0.599026,351381000
59,0.599463,"Mar 26, 2018",0.644121,0.585922,25125200000,0.642683,384505000
60,0.641875,"Mar 25, 2018",0.657213,0.631901,24966800000,0.638632,229352000
61,0.641265,"Mar 24, 2018",0.679608,0.640516,25263200000,0.646214,390740000
62,0.643174,"Mar 23, 2018",0.663111,0.625258,25923800000,0.663111,387164000
63,0.662743,"Mar 22, 2018",0.701351,0.636741,27097900000,0.693145,449042000
64,0.693664,"Mar 21, 2018",0.72061,0.679162,27876200000,0.713055,527324000
65,0.709808,"Mar 20, 2018",0.736759,0.673427,28802900000,0.736759,814276000
66,0.74908,"Mar 19, 2018",0.74908,0.640012,26274600000,0.672126,1096930000
67,0.658777,"Mar 18, 2018",0.677591,0.548815,24802400000,0.634466,923606000
68,0.637856,"Mar 17, 2018",0.689434,0.626709,26885100000,0.687745,319824000
69,0.68926,"Mar 16, 2018",0.71178,0.674463,27327600000,0.699063,502740000
70,0.697269,"Mar 15, 2018",0.730673,0.643845,27478100000,0.702913,888345000
71,0.701902,"Mar 14, 2018",0.79908,0.67601,30865600000,0.789569,479149000
72,0.789711,"Mar 13, 2018",0.805729,0.778471,31213000000,0.798451,279679000
73,0.801048,"Mar 12, 2018",0.838328,0.787882,32529500000,0.832127,355031000
74,0.831122,"Mar 11, 2018",0.840407,0.775737,31108000000,0.795765,472972000
75,0.796627,"Mar 10, 2018",0.860443,0.793736,33418600000,0.854872,402670000
76,0.849761,"Mar 09, 2018",0.856182,0.751485,32294700000,0.826122,989203000
77,0.825857,"Mar 08, 2018",0.888562,0.825387,34108000000,0.872508,499496000
78,0.87121,"Mar 07, 2018",0.930659,0.824895,36135700000,0.924378,809598000
79,0.922887,"Mar 06, 2018",0.991306,0.916863,37311200000,0.954448,875180000
80,0.959368,"Mar 05, 2018",1.08,0.956116,39650700000,1.01,1706820000
81,1.01,"Mar 04, 2018",1.03,0.895618,35417600000,0.906008,797226000
82,0.907804,"Mar 03, 2018",0.926512,0.903604,35526200000,0.908786,280853000
83,0.910144,"Mar 02, 2018",0.933912,0.902286,36226700000,0.926638,271036000
84,0.928347,"Mar 01, 2018",0.953796,0.89063,35346800000,0.904131,475257000
85,0.904583,"Feb 28, 2018",0.95555,0.903787,36932700000,0.944697,329530000
86,0.947305,"Feb 27, 2018",0.97258,0.944977,37503700000,0.959302,312713000
87,0.956859,"Feb 26, 2018",0.970906,0.913403,36893900000,0.943704,458613000
88,0.943487,"Feb 25, 2018",0.967597,0.915279,37217300000,0.951977,360271000
89,0.954402,"Feb 24, 2018",1.01,0.929456,39003300000,0.997659,489920000
90,0.998855,"Feb 23, 2018",1.03,0.898286,36441500000,0.934176,896404000
91,0.941788,"Feb 22, 2018",1.05,0.922458,39487400000,1.01,889707000
92,1.02,"Feb 21, 2018",1.1,0.998881,42207600000,1.08,871526000
93,1.09,"Feb 20, 2018",1.17,1.08,44648100000,1.14,806673000
94,1.14,"Feb 19, 2018",1.17,1.12,43813300000,1.12,556304000
95,1.12,"Feb 18, 2018",1.21,1.09,46997500000,1.2,1113650000
96,1.2,"Feb 17, 2018",1.22,1.13,44370200000,1.14,1186730000
97,1.14,"Feb 16, 2018",1.15,1.11,44663300000,1.14,568339000
98,1.15,"Feb 15, 2018",1.16,1.11,44433600000,1.14,1188530000
99,1.14,"Feb 14, 2018",1.17,1.02,40026500000,1.03,1457600000
100,1.03,"Feb 13, 2018",1.08,1.01,42119800000,1.08,921100000
101,1.08,"Feb 12, 2018",1.11,1.01,39262700000,1.01,1756290000
102,1.0,"Feb 11, 2018",1.08,0.929767,41635500000,1.07,2555310000
103,1.07,"Feb 10, 2018",1.3,0.947251,36951500000,0.947251,4682010000
104,0.954428,"Feb 09, 2018",0.954428,0.77154,31095800000,0.79714,1690340000
105,0.805263,"Feb 08, 2018",0.80697,0.722611,28447500000,0.729252,947315000
106,0.723895,"Feb 07, 2018",0.805478,0.70695,30215600000,0.774576,1133370000
107,0.776393,"Feb 06, 2018",0.786004,0.58836,27506200000,0.705121,2361140000
108,0.691799,"Feb 05, 2018",0.833866,0.675827,32219400000,0.825943,1286180000
109,0.815703,"Feb 04, 2018",0.952947,0.796821,35631700000,0.913418,1190960000
110,0.924043,"Feb 03, 2018",0.974799,0.761635,34795900000,0.891992,1988960000
111,0.884784,"Feb 02, 2018",0.960642,0.635185,37473900000,0.960642,3529760000
112,0.96253,"Feb 01, 2018",1.16,0.930378,44971500000,1.16,1410420000
113,1.16,"Jan 31, 2018",1.19,1.04,43800800000,1.13,1264030000
114,1.14,"Jan 30, 2018",1.33,1.13,51452400000,1.33,1134640000
115,1.32,"Jan 29, 2018",1.41,1.3,54204300000,1.4,1073680000
116,1.4,"Jan 28, 2018",1.44,1.22,47412500000,1.22,1327360000
117,1.22,"Jan 27, 2018",1.24,1.19,47180200000,1.22,689101000
118,1.22,"Jan 26, 2018",1.33,1.14,50706400000,1.31,2037570000
119,1.31,"Jan 25, 2018",1.38,1.29,52811100000,1.36,986068000
120,1.36,"Jan 24, 2018",1.42,1.31,52380100000,1.35,1853440000
121,1.34,"Jan 23, 2018",1.43,1.2,52421300000,1.35,2977080000
122,1.36,"Jan 22, 2018",1.43,1.16,53909800000,1.39,2642510000
123,1.38,"Jan 21, 2018",1.58,1.34,61061900000,1.58,2840750000
124,1.58,"Jan 20, 2018",1.63,1.5,60543000000,1.56,2346450000
125,1.55,"Jan 19, 2018",1.7,1.5,61291900000,1.58,3697430000
126,1.6,"Jan 18, 2018",1.73,1.26,50577100000,1.31,9110440000
127,1.31,"Jan 17, 2018",1.38,0.897797,45854700000,1.18,7251210000
128,1.18,"Jan 16, 2018",1.7,0.909313,65018400000,1.68,5687960000
129,1.68,"Jan 15, 2018",1.9,1.67,71909400000,1.86,1838460000
130,1.86,"Jan 14, 2018",2.02,1.81,78195800000,2.02,1978200000
131,2.02,"Jan 13, 2018",2.12,1.98,79469700000,2.05,2130170000
132,2.04,"Jan 12, 2018",2.16,1.87,75172500000,1.94,3330810000
133,1.95,"Jan 11, 2018",2.25,1.62,76711800000,1.98,6296120000
134,1.97,"Jan 10, 2018",2.16,1.7,82511000000,2.13,4833640000
135,2.1,"Jan 09, 2018",2.53,1.98,94657500000,2.44,3694700000
136,2.46,"Jan 08, 2018",3.36,2.07,130302000000,3.36,3315260000
137,3.38,"Jan 07, 2018",3.49,3.08,119819000000,3.09,2395150000
138,3.09,"Jan 06, 2018",3.24,2.99,117033000000,3.02,2777560000
139,3.05,"Jan 05, 2018",3.56,2.83,127870000000,3.3,6288500000
140,3.2,"Jan 04, 2018",3.84,3.12,120763000000,3.12,8103660000
141,3.11,"Jan 03, 2018",3.28,2.44,95457200000,2.46,6635880000
142,2.48,"Jan 02, 2018",2.49,2.25,91791800000,2.37,3171010000
143,2.39,"Jan 01, 2018",2.39,2.15,88945900000,2.3,1894230000
144,2.3,"Dec 31, 2017",2.39,1.87,81162600000,2.1,4642080000
145,2.16,"Dec 30, 2017",2.85,2.04,85187400000,2.2,8108390000
146,2.21,"Dec 29, 2017",2.27,1.44,55767500000,1.44,7545740000
147,1.43,"Dec 28, 2017",1.5,1.26,53998200000,1.39,2843300000
148,1.4,"Dec 27, 2017",1.47,1.18,45875700000,1.18,2854260000
149,1.19,"Dec 26, 2017",1.19,1.09,43455400000,1.12,938847000
150,1.12,"Dec 25, 2017",1.13,1.0,40506000000,1.05,686014000
151,1.04,"Dec 24, 2017",1.18,0.911226,45541100000,1.18,754959000
152,1.17,"Dec 23, 2017",1.21,1.08,45167600000,1.17,1497590000
153,1.14,"Dec 22, 2017",1.38,0.741013,45189500000,1.17,4644700000
154,1.19,"Dec 21, 2017",1.24,0.782515,30314000000,0.782515,3626110000
155,0.775964,"Dec 20, 2017",0.789044,0.730953,30494300000,0.787171,1007420000
156,0.791257,"Dec 19, 2017",0.863536,0.756724,30117600000,0.777447,1449670000
157,0.778407,"Dec 18, 2017",0.792014,0.689323,28203500000,0.728036,1342720000
158,0.728366,"Dec 17, 2017",0.765981,0.719929,29214200000,0.754125,805200000
159,0.758642,"Dec 16, 2017",0.815923,0.741667,29267100000,0.755493,1334770000
160,0.756181,"Dec 15, 2017",0.86176,0.666114,33383900000,0.86176,3194210000
161,0.864263,"Dec 14, 2017",0.892267,0.466401,18232500000,0.470648,6358700000
162,0.471063,"Dec 13, 2017",0.513768,0.342964,14437600000,0.372689,2738760000
163,0.373541,"Dec 12, 2017",0.434102,0.250961,9772240000,0.252258,1555040000
164,0.251691,"Dec 11, 2017",0.252777,0.235804,9164670000,0.236574,176101000
165,0.237333,"Dec 10, 2017",0.245548,0.229304,9512330000,0.245548,198174000
166,0.244708,"Dec 09, 2017",0.255684,0.240073,9768540000,0.252162,205289000
167,0.252125,"Dec 08, 2017",0.278673,0.222168,8663460000,0.223636,660172000
168,0.222823,"Dec 07, 2017",0.23376,0.22134,9011630000,0.232623,275205000
169,0.232544,"Dec 06, 2017",0.245705,0.227742,9507190000,0.245416,274526000
170,0.246101,"Dec 05, 2017",0.253988,0.245234,9815990000,0.253598,174591000
171,0.253571,"Dec 04, 2017",0.255362,0.24716,9768480000,0.252919,104650000
172,0.252558,"Dec 03, 2017",0.263072,0.247391,9869310000,0.25553,134710000
173,0.255492,"Dec 02, 2017",0.259218,0.250756,9874190000,0.255656,118250000
174,0.255699,"Dec 01, 2017",0.258828,0.239438,9669290000,0.250352,182992000
175,0.250878,"Nov 30, 2017",0.261524,0.229586,9517940000,0.246433,270907000
176,0.243064,"Nov 29, 2017",0.297867,0.239409,11504500000,0.297867,541178000
177,0.299152,"Nov 28, 2017",0.301084,0.253415,9811650000,0.254037,720743000
178,0.253927,"Nov 27, 2017",0.254733,0.247861,9590240000,0.248305,196735000
179,0.248818,"Nov 26, 2017",0.252914,0.248589,9768270000,0.252914,133297000
180,0.252393,"Nov 25, 2017",0.2557,0.243584,9430850000,0.244178,212593000
181,0.244642,"Nov 24, 2017",0.245388,0.238421,9379600000,0.242851,211486000
182,0.242402,"Nov 23, 2017",0.250096,0.237304,9230520000,0.238991,240685000
183,0.238859,"Nov 22, 2017",0.240848,0.232317,8985300000,0.232642,167078000
184,0.233271,"Nov 21, 2017",0.240974,0.2272,9191390000,0.237978,217851000
185,0.238759,"Nov 20, 2017",0.24343,0.230917,8934850000,0.231336,214663000
186,0.231016,"Nov 19, 2017",0.236231,0.226037,8811410000,0.22814,193808000
187,0.228627,"Nov 18, 2017",0.230399,0.222399,8749900000,0.226547,144298000
188,0.226581,"Nov 17, 2017",0.239409,0.220273,8681190000,0.224768,397071000
189,0.227107,"Nov 16, 2017",0.27179,0.209287,8213360000,0.212655,1022580000
190,0.212956,"Nov 15, 2017",0.213105,0.208058,8069730000,0.208937,100294000
191,0.209825,"Nov 14, 2017",0.213693,0.203679,7866670000,0.203679,127361000
192,0.203442,"Nov 13, 2017",0.204081,0.197456,7608890000,0.197472,132567000
193,0.197339,"Nov 12, 2017",0.210214,0.195389,8099860000,0.210214,251175000
194,0.21043,"Nov 11, 2017",0.214456,0.205459,7935490000,0.205948,134503000
195,0.206483,"Nov 10, 2017",0.219068,0.20526,8409740000,0.218256,141033000
196,0.217488,"Nov 09, 2017",0.221791,0.214866,8396440000,0.217911,147917000
197,0.217437,"Nov 08, 2017",0.221458,0.20806,8117620000,0.210675,156959000
198,0.210354,"Nov 07, 2017",0.211375,0.203978,7902920000,0.205103,114073000
199,0.20599,"Nov 06, 2017",0.208662,0.20141,7782080000,0.201967,102233000
200,0.202055,"Nov 05, 2017",0.205124,0.201117,7832450000,0.203274,46959000
201,0.20375,"Nov 04, 2017",0.208479,0.202133,8017770000,0.208083,74013200
202,0.208133,"Nov 03, 2017",0.228026,0.201728,7945410000,0.206205,373402000
203,0.205861,"Nov 02, 2017",0.211848,0.183815,7498090000,0.194596,197770000
204,0.194124,"Nov 01, 2017",0.201501,0.193613,7715840000,0.200247,67921000
205,0.200558,"Oct 31, 2017",0.203778,0.200461,7798990000,0.202405,43875700
206,0.202711,"Oct 30, 2017",0.204135,0.201946,7824820000,0.203076,34835100
207,0.202785,"Oct 29, 2017",0.205209,0.200075,7758640000,0.201358,62511100
208,0.201835,"Oct 28, 2017",0.203476,0.201401,7806200000,0.202592,26864900
209,0.202785,"Oct 27, 2017",0.204492,0.201771,7847650000,0.203668,29623000
210,0.203628,"Oct 26, 2017",0.206289,0.20266,7877530000,0.204444,38193100
211,0.204604,"Oct 25, 2017",0.208237,0.201803,7980370000,0.207113,75017500
212,0.206644,"Oct 24, 2017",0.217508,0.190455,7535480000,0.195567,220081000
213,0.196928,"Oct 23, 2017",0.203919,0.190729,7841330000,0.203504,99914800
214,0.204177,"Oct 22, 2017",0.211901,0.200722,8128520000,0.210958,75849500
215,0.211016,"Oct 21, 2017",0.212381,0.200774,8098920000,0.210189,116807000
216,0.210549,"Oct 20, 2017",0.223822,0.208754,8287600000,0.215086,182704000
217,0.21515,"Oct 19, 2017",0.23179,0.208317,8408710000,0.218229,304542000
218,0.21852,"Oct 18, 2017",0.23815,0.207265,8909100000,0.231216,354225000
219,0.232064,"Oct 17, 2017",0.263147,0.222939,9867860000,0.256098,411265000
220,0.256232,"Oct 16, 2017",0.291359,0.24901,10148700000,0.263386,963158000
221,0.263983,"Oct 15, 2017",0.268419,0.249048,9923310000,0.257537,280211000
222,0.25732,"Oct 14, 2017",0.267721,0.25732,10062500000,0.26115,211160000
223,0.260489,"Oct 13, 2017",0.26425,0.238867,9583920000,0.248285,398689000
224,0.248414,"Oct 12, 2017",0.267468,0.248414,10230900000,0.265046,245004000
225,0.264439,"Oct 11, 2017",0.267843,0.25908,10061500000,0.260658,161206000
226,0.260733,"Oct 10, 2017",0.26656,0.241193,9758310000,0.252825,384049000
227,0.251825,"Oct 09, 2017",0.278758,0.24043,10759300000,0.278758,610110000
228,0.279944,"Oct 08, 2017",0.279944,0.237532,9198180000,0.238312,529838000
229,0.23861,"Oct 07, 2017",0.239336,0.233478,9030320000,0.233963,77950200
230,0.234039,"Oct 06, 2017",0.242424,0.233533,9115310000,0.237726,167492000
231,0.237016,"Oct 05, 2017",0.241023,0.215583,8266280000,0.215583,404299000
232,0.214774,"Oct 04, 2017",0.217024,0.202647,7792170000,0.203218,123573000
233,0.203318,"Oct 03, 2017",0.204808,0.19873,7791820000,0.203209,48703100
234,0.202676,"Oct 02, 2017",0.206556,0.199444,7901790000,0.206077,77412300
235,0.206532,"Oct 01, 2017",0.207185,0.19617,7577590000,0.197622,51345500
236,0.197529,"Sep 30, 2017",0.199826,0.193497,7431970000,0.193824,54729300
237,0.193606,"Sep 29, 2017",0.196203,0.187172,7519420000,0.196105,72291200
238,0.196131,"Sep 28, 2017",0.203271,0.191344,7765860000,0.202532,117962000
239,0.203299,"Sep 27, 2017",0.207687,0.185098,7105010000,0.185297,249934000
240,0.186119,"Sep 26, 2017",0.191247,0.180085,6977340000,0.181968,70000700
241,0.181487,"Sep 25, 2017",0.183665,0.174939,6730080000,0.175519,35622600
242,0.175787,"Sep 24, 2017",0.178939,0.174165,6831900000,0.178175,20566500
243,0.177882,"Sep 23, 2017",0.178672,0.171527,6647700000,0.173371,32476700
244,0.17351,"Sep 22, 2017",0.17587,0.169291,6578530000,0.171567,37244700
245,0.171754,"Sep 21, 2017",0.182109,0.171148,6939500000,0.180981,43583200
246,0.182078,"Sep 20, 2017",0.186229,0.180333,7044160000,0.18371,34521600
247,0.184041,"Sep 19, 2017",0.19068,0.181334,7278390000,0.189819,54046100
248,0.189768,"Sep 18, 2017",0.190019,0.178309,6837060000,0.178309,88397900
249,0.178393,"Sep 17, 2017",0.181121,0.171017,6839640000,0.178377,49161100
250,0.179082,"Sep 16, 2017",0.187417,0.172279,6975690000,0.181925,84495200
251,0.181358,"Sep 15, 2017",0.189184,0.150973,6328090000,0.165035,289414000
252,0.164167,"Sep 14, 2017",0.20201,0.164167,7685140000,0.200427,152533000
253,0.200778,"Sep 13, 2017",0.209674,0.196179,8038030000,0.20963,105471000
254,0.209303,"Sep 12, 2017",0.220623,0.207608,8238550000,0.21486,94519500
255,0.214441,"Sep 11, 2017",0.220057,0.210353,8148560000,0.212513,138339000
256,0.213031,"Sep 10, 2017",0.216529,0.197605,8037080000,0.209606,117091000
257,0.209995,"Sep 09, 2017",0.211892,0.206395,8101800000,0.211293,51185500
258,0.211518,"Sep 08, 2017",0.224308,0.206103,8574260000,0.223615,151329000
259,0.22364,"Sep 07, 2017",0.22721,0.219618,8680360000,0.226382,103080000
260,0.226186,"Sep 06, 2017",0.22686,0.214805,8242060000,0.214951,163297000
261,0.215189,"Sep 05, 2017",0.218674,0.190232,7864700000,0.20511,242636000
262,0.204968,"Sep 04, 2017",0.228781,0.19596,8772340000,0.228781,239613000
263,0.228811,"Sep 03, 2017",0.236443,0.218662,8712840000,0.227229,186526000
264,0.226669,"Sep 02, 2017",0.24968,0.217774,9560940000,0.249348,329928000
265,0.248479,"Sep 01, 2017",0.256162,0.243833,9808460000,0.255803,283576000
266,0.25563,"Aug 31, 2017",0.261038,0.225907,8725450000,0.227558,432574000
267,0.228006,"Aug 30, 2017",0.229805,0.217476,8392340000,0.218871,181186000
268,0.218564,"Aug 29, 2017",0.225926,0.214867,8590000000,0.224026,269770000
269,0.224508,"Aug 28, 2017",0.23626,0.19661,7800090000,0.203425,542468000
270,0.202995,"Aug 27, 2017",0.212617,0.197717,8152540000,0.212617,193971000
271,0.212577,"Aug 26, 2017",0.229086,0.210324,8368790000,0.218256,184121000
272,0.217828,"Aug 25, 2017",0.232184,0.203022,8328300000,0.2172,504484000
273,0.218958,"Aug 24, 2017",0.288783,0.212543,9676890000,0.252371,1342360000
274,0.246827,"Aug 23, 2017",0.297662,0.219992,9240380000,0.240987,1770400000
275,0.239286,"Aug 22, 2017",0.254659,0.171483,7475950000,0.194971,1450040000
276,0.191918,"Aug 21, 2017",0.205684,0.154856,6074040000,0.15841,447089000
277,0.158735,"Aug 20, 2017",0.161205,0.153432,5926770000,0.154569,68542800
278,0.155057,"Aug 19, 2017",0.162348,0.152305,6117890000,0.159553,87062100
279,0.158883,"Aug 18, 2017",0.168716,0.154162,6024470000,0.157117,146539000
280,0.157498,"Aug 17, 2017",0.161001,0.155909,6165190000,0.160787,56084300
281,0.160431,"Aug 16, 2017",0.161726,0.153087,6182490000,0.161238,107920000
282,0.161221,"Aug 15, 2017",0.16979,0.158244,6510400000,0.16979,100614000
283,0.169991,"Aug 14, 2017",0.180054,0.165289,6457680000,0.168376,84388300
284,0.168092,"Aug 13, 2017",0.174147,0.162625,6655930000,0.173545,110199000
285,0.173853,"Aug 12, 2017",0.182599,0.173242,6873590000,0.179221,65229300
286,0.179307,"Aug 11, 2017",0.182631,0.177627,6910180000,0.180175,54059700
287,0.180399,"Aug 10, 2017",0.1835,0.180013,7023380000,0.183168,48162800
288,0.182947,"Aug 09, 2017",0.192914,0.180629,7382220000,0.192527,97805400
289,0.192586,"Aug 08, 2017",0.194391,0.178487,6886620000,0.179602,180028000
290,0.179021,"Aug 07, 2017",0.181847,0.177605,6891020000,0.179716,58052100
291,0.180444,"Aug 06, 2017",0.189486,0.180298,7108860000,0.185398,74161600
292,0.184737,"Aug 05, 2017",0.187844,0.173267,6666640000,0.173865,114270000
293,0.173743,"Aug 04, 2017",0.176053,0.172224,6693120000,0.174555,45170000
294,0.174612,"Aug 03, 2017",0.175969,0.17173,6639970000,0.173218,31479000
295,0.173113,"Aug 02, 2017",0.179655,0.171618,6805300000,0.177531,53441400
296,0.177053,"Aug 01, 2017",0.178332,0.166124,6440860000,0.168024,119957000
297,0.167386,"Jul 31, 2017",0.169535,0.162002,6326860000,0.16505,57273800
298,0.165082,"Jul 30, 2017",0.170411,0.164094,6497250000,0.169494,40621700
299,0.169871,"Jul 29, 2017",0.171566,0.155475,6333340000,0.165218,80897000
300,0.165937,"Jul 28, 2017",0.174078,0.162183,6639700000,0.173211,74649800
301,0.173457,"Jul 27, 2017",0.176602,0.17198,6716190000,0.17521,34575100
302,0.173822,"Jul 26, 2017",0.180872,0.16906,6807110000,0.177582,76584600
303,0.178104,"Jul 25, 2017",0.192734,0.169797,7370540000,0.19228,166807000
304,0.192002,"Jul 24, 2017",0.195279,0.189835,7466020000,0.194979,56632800
305,0.195058,"Jul 23, 2017",0.204121,0.188722,7411980000,0.193568,195682000
306,0.19332,"Jul 22, 2017",0.195009,0.181447,6975460000,0.182168,83913800
307,0.182608,"Jul 21, 2017",0.190708,0.181098,7253530000,0.18943,104722000
308,0.188295,"Jul 20, 2017",0.192918,0.167718,6510190000,0.170017,183292000
309,0.168388,"Jul 19, 2017",0.188533,0.158188,7217840000,0.188498,147778000
310,0.188718,"Jul 18, 2017",0.195807,0.165966,6879740000,0.179668,295841000
311,0.177889,"Jul 17, 2017",0.179604,0.141425,5749320000,0.150146,312685000
312,0.148056,"Jul 16, 2017",0.172575,0.11977,6489640000,0.16948,257944000
313,0.170589,"Jul 15, 2017",0.191167,0.167118,7312750000,0.190976,131779000
314,0.190769,"Jul 14, 2017",0.201156,0.183369,7689650000,0.200819,97037600
315,0.200809,"Jul 13, 2017",0.230452,0.193357,7883170000,0.205873,216750000
316,0.205354,"Jul 12, 2017",0.205898,0.177162,7053180000,0.184198,153023000
317,0.185019,"Jul 11, 2017",0.20332,0.168265,7520990000,0.196415,271415000
318,0.203165,"Jul 10, 2017",0.234067,0.185418,8962770000,0.234067,119367000
319,0.233416,"Jul 09, 2017",0.248501,0.233416,9070620000,0.236884,82755000
320,0.236134,"Jul 08, 2017",0.239741,0.221769,9180000000,0.239741,124578000
321,0.23948,"Jul 07, 2017",0.255431,0.238892,9758870000,0.254858,88408000
322,0.254641,"Jul 06, 2017",0.257148,0.253303,9816910000,0.256374,43845800
323,0.256523,"Jul 05, 2017",0.261713,0.254275,9769110000,0.255125,73292100
324,0.254709,"Jul 04, 2017",0.262258,0.254387,9949670000,0.259841,56008900
325,0.259959,"Jul 03, 2017",0.262354,0.255666,9916580000,0.258977,60367800
326,0.259449,"Jul 02, 2017",0.259951,0.250944,9745600000,0.254512,54095000
327,0.254744,"Jul 01, 2017",0.263053,0.252966,10065100000,0.262855,53611000
328,0.26293,"Jun 30, 2017",0.26916,0.262242,10187800000,0.26606,67764500
329,0.265421,"Jun 29, 2017",0.280873,0.264175,10743200000,0.280565,89745300
330,0.280455,"Jun 28, 2017",0.28149,0.26784,10545100000,0.275391,126278000
331,0.276306,"Jun 27, 2017",0.27881,0.251052,10617700000,0.277288,186951000
332,0.277288,"Jun 26, 2017",0.30198,0.260819,11440300000,0.29877,280100000
333,0.298423,"Jun 25, 2017",0.311157,0.289148,11901600000,0.310816,158845000
334,0.31111,"Jun 24, 2017",0.327117,0.306487,12222100000,0.319188,313710000
335,0.319978,"Jun 23, 2017",0.320751,0.295551,11400100000,0.297718,177221000
336,0.297848,"Jun 22, 2017",0.305852,0.291519,11482700000,0.299886,194551000
337,0.296366,"Jun 21, 2017",0.32776,0.283614,12429900000,0.324623,358493000
338,0.324427,"Jun 20, 2017",0.339533,0.290147,11188200000,0.292194,793610000
339,0.296068,"Jun 19, 2017",0.296068,0.280233,10873600000,0.283977,164955000
340,0.2846,"Jun 18, 2017",0.289468,0.265078,10265000000,0.268085,232512000
341,0.268351,"Jun 17, 2017",0.270717,0.258105,10045800000,0.262358,121948000
342,0.262068,"Jun 16, 2017",0.266211,0.252408,9935290000,0.259473,88152400
343,0.259266,"Jun 15, 2017",0.278923,0.240868,10662200000,0.278196,191548000
344,0.278447,"Jun 14, 2017",0.307854,0.263202,10188000000,0.265823,431096000
345,0.266153,"Jun 13, 2017",0.274659,0.2522,9728120000,0.253823,111937000
346,0.253964,"Jun 12, 2017",0.28329,0.247476,10466000000,0.273075,149942000
347,0.272759,"Jun 11, 2017",0.277735,0.259113,9943590000,0.259445,114566000
348,0.260874,"Jun 10, 2017",0.288991,0.257879,10953900000,0.285806,156721000
349,0.286019,"Jun 09, 2017",0.299493,0.285884,11115900000,0.289695,102482000
350,0.289678,"Jun 08, 2017",0.29857,0.276441,10848900000,0.280902,103152000
351,0.279783,"Jun 07, 2017",0.298379,0.278874,10994700000,0.284677,145839000
352,0.284548,"Jun 06, 2017",0.294537,0.276248,11355900000,0.294028,132720000
353,0.294003,"Jun 05, 2017",0.302394,0.2846,11581200000,0.299862,78433500
354,0.299413,"Jun 04, 2017",0.313944,0.277185,11524200000,0.298386,153488000
355,0.29458,"Jun 03, 2017",0.310863,0.277563,11604300000,0.30046,155454000
356,0.303448,"Jun 02, 2017",0.335809,0.29071,12885900000,0.333645,293677000
357,0.333657,"Jun 01, 2017",0.336797,0.243946,9330770000,0.243946,588819000
358,0.24659,"May 31, 2017",0.247677,0.193839,7854880000,0.20536,160620000
359,0.205324,"May 30, 2017",0.237367,0.205324,8881150000,0.232191,92808700
360,0.23207,"May 29, 2017",0.24282,0.214777,8689830000,0.227189,86555600
361,0.229554,"May 28, 2017",0.242395,0.204652,8142790000,0.212887,122253000
362,0.212549,"May 27, 2017",0.283363,0.162345,10430500000,0.272697,255532000
363,0.271808,"May 26, 2017",0.327812,0.245083,9374260000,0.245083,253935000
364,0.246065,"May 25, 2017",0.303467,0.238308,11245100000,0.291834,237805000
365,0.29589,"May 24, 2017",0.357358,0.293009,12525200000,0.325054,166168000
366,0.323368,"May 23, 2017",0.354014,0.291893,12074100000,0.313347,153050000
367,0.317954,"May 22, 2017",0.345412,0.270091,13039500000,0.338403,265699000
368,0.336201,"May 21, 2017",0.367636,0.332222,13608300000,0.353164,129765000
369,0.351634,"May 20, 2017",0.370361,0.303941,12663000000,0.328631,237792000
370,0.327801,"May 19, 2017",0.363505,0.300794,14006800000,0.363505,269894000
371,0.364869,"May 18, 2017",0.408012,0.331116,15128200000,0.394931,237644000
372,0.394132,"May 17, 2017",0.43517,0.326358,13603300000,0.355124,470974000
373,0.349861,"May 16, 2017",0.349861,0.269824,10335800000,0.269824,440882000
374,0.27072,"May 15, 2017",0.27072,0.220069,8429940000,0.220069,223923000
375,0.220223,"May 14, 2017",0.223486,0.211186,8242620000,0.215179,69732000
376,0.214878,"May 13, 2017",0.223602,0.18698,7917710000,0.206697,117101000
377,0.206068,"May 12, 2017",0.209535,0.180984,7000780000,0.18276,123635000
378,0.183135,"May 11, 2017",0.194828,0.162431,7023110000,0.185035,103699000
379,0.186066,"May 10, 2017",0.201207,0.156363,6014860000,0.158471,138792000
380,0.160074,"May 09, 2017",0.21689,0.134406,7560680000,0.199198,214002000
381,0.198212,"May 08, 2017",0.237587,0.135105,5375270000,0.14162,402611000
382,0.141763,"May 07, 2017",0.148274,0.098938,3868770000,0.101929,249029000
383,0.101791,"May 06, 2017",0.106144,0.093429,3546160000,0.093429,88394200
384,0.09355,"May 05, 2017",0.106935,0.078704,3045130000,0.080229,184430000
385,0.078914,"May 04, 2017",0.085499,0.059283,2313340000,0.061062,153374000
386,0.06049,"May 03, 2017",0.061435,0.052283,2042180000,0.053905,42869000
387,0.053908,"May 02, 2017",0.055639,0.05071,2070240000,0.054646,33814700
388,0.055115,"May 01, 2017",0.057779,0.049317,1954090000,0.05158,61730100
389,0.051607,"Apr 30, 2017",0.054646,0.049574,2000600000,0.052807,41974200
390,0.052868,"Apr 29, 2017",0.057719,0.044558,1688070000,0.044558,114359000
391,0.044475,"Apr 28, 2017",0.045111,0.034784,1320040000,0.034843,81121600
392,0.034816,"Apr 27, 2017",0.035376,0.032157,1243640000,0.032827,16661600
393,0.032797,"Apr 26, 2017",0.033509,0.032183,1227080000,0.03239,11921700
394,0.032346,"Apr 25, 2017",0.033826,0.031297,1189920000,0.031409,13469200
395,0.031384,"Apr 24, 2017",0.031436,0.030738,1183370000,0.031236,6333250
396,0.031278,"Apr 23, 2017",0.031974,0.030742,1207680000,0.031878,4976320
397,0.03177,"Apr 22, 2017",0.033279,0.031422,1254840000,0.033122,9020550
398,0.03278,"Apr 21, 2017",0.034044,0.029216,1126210000,0.029727,28245700
399,0.029984,"Apr 20, 2017",0.030611,0.027493,1135700000,0.030259,25650400
400,0.030173,"Apr 19, 2017",0.033387,0.029687,1245350000,0.033181,13265600
401,0.033183,"Apr 18, 2017",0.034021,0.032866,1262530000,0.033638,8970210
402,0.033655,"Apr 17, 2017",0.03406,0.032955,1253560000,0.0334,7933260
403,0.033462,"Apr 16, 2017",0.034002,0.033194,1271610000,0.03388,5980280
404,0.033955,"Apr 15, 2017",0.034281,0.033277,1258400000,0.033528,4972610
405,0.033779,"Apr 14, 2017",0.035127,0.032986,1285920000,0.034262,8869300
406,0.034383,"Apr 13, 2017",0.035574,0.033461,1292790000,0.034459,15872400
407,0.034336,"Apr 12, 2017",0.034794,0.032477,1238110000,0.033002,13437000
408,0.032952,"Apr 11, 2017",0.034576,0.032035,1263420000,0.033677,11301000
409,0.033598,"Apr 10, 2017",0.035091,0.032806,1280150000,0.034123,12012700
410,0.03402,"Apr 09, 2017",0.035799,0.032327,1343050000,0.035799,15695600
411,0.035849,"Apr 08, 2017",0.036894,0.034932,1363900000,0.036355,14782600
412,0.036319,"Apr 07, 2017",0.036935,0.030789,1228290000,0.03274,36825000
413,0.032665,"Apr 06, 2017",0.036843,0.029463,1338210000,0.035672,48264600
414,0.035544,"Apr 05, 2017",0.040178,0.035214,1402530000,0.037386,42360300
415,0.037455,"Apr 04, 2017",0.040702,0.028324,1239170000,0.033032,78538100
416,0.033023,"Apr 03, 2017",0.061594,0.027447,2261800000,0.060291,155550000
417,0.061159,"Apr 02, 2017",0.071441,0.021696,820232000,0.021938,230622000
418,0.021892,"Apr 01, 2017",0.022798,0.019664,812963000,0.021743,30657700
419,0.020889,"Mar 31, 2017",0.021776,0.013049,487885000,0.013049,72699400
420,0.013276,"Mar 30, 2017",0.014126,0.010125,378563000,0.010125,19821800
421,0.010101,"Mar 29, 2017",0.010101,0.00952,356171000,0.009526,3344230
422,0.009514,"Mar 28, 2017",0.009644,0.00928,357724000,0.009568,3111280
423,0.009597,"Mar 27, 2017",0.010053,0.009155,354514000,0.009482,6336150
424,0.009545,"Mar 26, 2017",0.00984,0.009079,342448000,0.009159,5475230
425,0.009116,"Mar 25, 2017",0.010711,0.00904,392674000,0.010502,11334900
426,0.010518,"Mar 24, 2017",0.010825,0.009135,393620000,0.010528,24493700
427,0.010582,"Mar 23, 2017",0.010582,0.007258,271965000,0.007284,12315100
428,0.007301,"Mar 22, 2017",0.00746,0.006882,257915000,0.006908,4652530
429,0.006909,"Mar 21, 2017",0.007075,0.006792,261234000,0.006996,3021440
430,0.006975,"Mar 20, 2017",0.007112,0.006761,258208000,0.006915,3423710
431,0.006912,"Mar 19, 2017",0.007198,0.006556,251511000,0.006736,4241970
432,0.00671,"Mar 18, 2017",0.007396,0.006118,229142000,0.006137,7223300
433,0.006116,"Mar 17, 2017",0.006406,0.00597,239193000,0.006406,3442010
434,0.006394,"Mar 16, 2017",0.006409,0.006213,235622000,0.006319,3860210
435,0.006314,"Mar 15, 2017",0.0065,0.006301,237552000,0.00637,1376090
436,0.006381,"Mar 14, 2017",0.006406,0.006277,236634000,0.006346,1358830
437,0.006385,"Mar 13, 2017",0.006429,0.006156,233853000,0.006271,2561890
438,0.006255,"Mar 12, 2017",0.006313,0.006086,231721000,0.006214,1531030
439,0.006238,"Mar 11, 2017",0.006383,0.00613,232266000,0.006229,1818590
440,0.006227,"Mar 10, 2017",0.006546,0.00605,242488000,0.006503,3144440
441,0.006498,"Mar 09, 2017",0.006606,0.006423,242570000,0.006485,2064660
442,0.006509,"Mar 08, 2017",0.006776,0.006363,245051000,0.006551,3432500
443,0.006534,"Mar 07, 2017",0.006577,0.005974,226570000,0.006057,2901920
444,0.006057,"Mar 06, 2017",0.006221,0.006047,229280000,0.006129,1023500
445,0.006129,"Mar 05, 2017",0.006389,0.006129,235301000,0.00629,1044760
446,0.006299,"Mar 04, 2017",0.006497,0.006278,237670000,0.006354,1372440
447,0.006339,"Mar 03, 2017",0.006346,0.005968,224009000,0.005988,2703850
448,0.005991,"Mar 02, 2017",0.006217,0.005408,201301000,0.005419,3811500
449,0.005408,"Mar 01, 2017",0.005547,0.005372,205222000,0.005525,1630460
450,0.005536,"Feb 28, 2017",0.005631,0.005438,208297000,0.005608,1693350
451,0.005609,"Feb 27, 2017",0.005696,0.005608,210425000,0.005665,641126
452,0.005671,"Feb 26, 2017",0.005733,0.005651,210392000,0.005664,258373
453,0.005665,"Feb 25, 2017",0.005743,0.005628,211712000,0.0057,684577
454,0.005701,"Feb 24, 2017",0.005919,0.005644,218525000,0.005883,1343690
455,0.005895,"Feb 23, 2017",0.005943,0.005798,216920000,0.005856,750533
456,0.00586,"Feb 22, 2017",0.005887,0.005817,216670000,0.005849,500712
457,0.005832,"Feb 21, 2017",0.005909,0.005735,217476000,0.005871,653081
458,0.005873,"Feb 20, 2017",0.005949,0.00574,217802000,0.005879,880117
459,0.005878,"Feb 19, 2017",0.005892,0.00557,207033000,0.005589,896856
460,0.005569,"Feb 18, 2017",0.006014,0.005427,220370000,0.005949,1866850
461,0.005935,"Feb 17, 2017",0.006095,0.005872,220014000,0.005939,1160600
462,0.006027,"Feb 16, 2017",0.006244,0.005988,227363000,0.006138,1355840
463,0.006147,"Feb 15, 2017",0.006302,0.006095,232611000,0.006279,813299
464,0.006278,"Feb 14, 2017",0.006352,0.00624,231161000,0.00624,671150
465,0.006251,"Feb 13, 2017",0.006338,0.006228,232161000,0.006267,462843
466,0.006269,"Feb 12, 2017",0.006364,0.006269,234436000,0.006328,230479
467,0.006333,"Feb 11, 2017",0.006395,0.006273,232996000,0.00629,334607
468,0.006289,"Feb 10, 2017",0.0067,0.006192,235873000,0.006367,808768
469,0.006374,"Feb 09, 2017",0.006484,0.006193,237091000,0.006433,1700680
470,0.006438,"Feb 08, 2017",0.007833,0.006402,236123000,0.006407,860217
471,0.006407,"Feb 07, 2017",0.006509,0.006378,237240000,0.006437,945440
472,0.00645,"Feb 06, 2017",0.006494,0.006397,237318000,0.006439,386766
473,0.006442,"Feb 05, 2017",0.006563,0.006403,239337000,0.006494,367001
474,0.006492,"Feb 04, 2017",0.006528,0.006429,239094000,0.006487,314187
475,0.006474,"Feb 03, 2017",0.00651,0.006401,238302000,0.006466,548263
476,0.006469,"Feb 02, 2017",0.00663,0.006381,241026000,0.00654,670888
477,0.00654,"Feb 01, 2017",0.006642,0.006249,232609000,0.006311,1836820
478,0.006314,"Jan 31, 2017",0.006411,0.006297,235508000,0.00639,661444
479,0.006381,"Jan 30, 2017",0.006468,0.006353,235961000,0.006402,391822
480,0.006402,"Jan 29, 2017",0.006493,0.006287,234254000,0.006356,325176
481,0.006342,"Jan 28, 2017",0.006419,0.006323,236216000,0.006409,241491
482,0.006415,"Jan 27, 2017",0.006815,0.006331,246404000,0.006685,924745
483,0.00669,"Jan 26, 2017",0.007073,0.006425,239951000,0.006511,1446950
484,0.006513,"Jan 25, 2017",0.006594,0.00649,240565000,0.006527,522497
485,0.00654,"Jan 24, 2017",0.006718,0.006534,247242000,0.006708,509262
486,0.006697,"Jan 23, 2017",0.006735,0.006662,247604000,0.006718,309838
487,0.006713,"Jan 22, 2017",0.006759,0.006653,247165000,0.006706,362422
488,0.006706,"Jan 21, 2017",0.006824,0.006678,246709000,0.006694,553724
489,0.006675,"Jan 20, 2017",0.00716,0.00661,259186000,0.007032,620052
490,0.007034,"Jan 19, 2017",0.00704,0.006671,246854000,0.006713,760684
491,0.006709,"Jan 18, 2017",0.007125,0.006659,249667000,0.00679,1342730
492,0.0068,"Jan 17, 2017",0.006848,0.006612,249018000,0.006772,1842150
493,0.006788,"Jan 16, 2017",0.006836,0.006717,248106000,0.006747,699284
494,0.006726,"Jan 15, 2017",0.006925,0.006726,252519000,0.006867,780822
495,0.006863,"Jan 14, 2017",0.006872,0.006585,243056000,0.00661,1307810
496,0.006596,"Jan 13, 2017",0.006664,0.006396,236592000,0.006434,2059340
497,0.006423,"Jan 12, 2017",0.006851,0.006351,233170000,0.006417,5013190
498,0.006411,"Jan 11, 2017",0.006721,0.006312,243761000,0.006708,3436270
499,0.006698,"Jan 10, 2017",0.006815,0.006148,223720000,0.006157,2510530
500,0.006167,"Jan 09, 2017",0.006294,0.006127,226700000,0.006239,702255
501,0.006233,"Jan 08, 2017",0.006383,0.006232,231946000,0.006383,554133
502,0.006366,"Jan 07, 2017",0.006404,0.006133,230770000,0.006351,1351030
503,0.006315,"Jan 06, 2017",0.006394,0.006109,225184000,0.006197,1746150
504,0.006201,"Jan 05, 2017",0.00658,0.006031,238808000,0.006572,4058170
505,0.00657,"Jan 04, 2017",0.006656,0.006385,232030000,0.006385,1642730
506,0.006386,"Jan 03, 2017",0.006392,0.006278,228578000,0.00629,1014830
507,0.006311,"Jan 02, 2017",0.006437,0.006281,232067000,0.006386,1046250
508,0.006368,"Jan 01, 2017",0.006702,0.006334,237032000,0.006523,418978
